{"cameraMode":{"drawMode":0,"name":"Shaded","section":"Shading Mode"},"sceneLighting":true,"audioPlay":false,"sceneViewState":{"m_AlwaysRefresh":false,"showFog":true,"showSkybox":true,"showFlares":true,"showImageEffects":true,"showParticleSystems":true,"showVisualEffectGraphs":true,"m_FxEnabled":true},"in2DMode":false,"pivot":{"x":36.45264434814453,"y":10.485352516174317,"z":19.607505798339845},"rotation":{"x":0.06888912618160248,"y":-0.6278520822525024,"z":0.05587024614214897,"w":0.7733277678489685},"size":0.9482554793357849,"orthographic":false}